match_id,season,start_date,venue,innings,ball,batting_team,bowling_team,striker,non_striker,bowler,runs_off_bat,extras,wides,noballs,byes,legbyes,penalty,wicket_type,player_dismissed,other_wicket_type,other_player_dismissed
1191006,2019,2019-08-05,VRA Ground,1,0.1,Netherlands,United Arab Emirates,SJ Myburgh,MP O'Dowd,Mohammad Naveed,0,0,,,,,,,,,
1191006,2019,2019-08-05,VRA Ground,1,0.2,Netherlands,United Arab Emirates,SJ Myburgh,MP O'Dowd,Mohammad Naveed,0,0,,,,,,bowled,SJ Myburgh,,
1191006,2019,2019-08-05,VRA Ground,1,0.3,Netherlands,United Arab Emirates,BN Cooper,MP O'Dowd,Mohammad Naveed,0,0,,,,,,,,,
1191006,2019,2019-08-05,VRA Ground,1,0.4,Netherlands,United Arab Emirates,BN Cooper,MP O'Dowd,Mohammad Naveed,0,0,,,,,,,,,
1191006,2019,2019-08-05,VRA Ground,1,0.5,Netherlands,United Arab Emirates,BN Cooper,MP O'Dowd,Mohammad Naveed,0,0,,,,,,,,,
1191006,2019,2019-08-05,VRA Ground,1,0.6,Netherlands,United Arab Emirates,BN Cooper,MP O'Dowd,Mohammad Naveed,0,0,,,,,,,,,
1191006,2019,2019-08-05,VRA Ground,1,1.1,Netherlands,United Arab Emirates,MP O'Dowd,BN Cooper,Sultan Ahmed (2),0,5,5,,,,,,,,
1191006,2019,2019-08-05,VRA Ground,1,1.2,Netherlands,United Arab Emirates,MP O'Dowd,BN Cooper,Sultan Ahmed (2),0,0,,,,,,,,,
1191006,2019,2019-08-05,VRA Ground,1,1.3,Netherlands,United Arab Emirates,MP O'Dowd,BN Cooper,Sultan Ahmed (2),0,0,,,,,,,,,
1191006,2019,2019-08-05,VRA Ground,1,1.4,Netherlands,United Arab Emirates,MP O'Dowd,BN Cooper,Sultan Ahmed (2),0,0,,,,,,,,,
1191006,2019,2019-08-05,VRA Ground,1,1.5,Netherlands,United Arab Emirates,MP O'Dowd,BN Cooper,Sultan Ahmed (2),3,0,,,,,,,,,
1191006,2019,2019-08-05,VRA Ground,1,1.6,Netherlands,United Arab Emirates,BN Cooper,MP O'Dowd,Sultan Ahmed (2),2,0,,,,,,,,,
1191006,2019,2019-08-05,VRA Ground,1,1.7,Netherlands,United Arab Emirates,BN Cooper,MP O'Dowd,Sultan Ahmed (2),3,0,,,,,,,,,
1191006,2019,2019-08-05,VRA Ground,1,2.1,Netherlands,United Arab Emirates,BN Cooper,MP O'Dowd,Mohammad Naveed,1,0,,,,,,,,,
1191006,2019,2019-08-05,VRA Ground,1,2.2,Netherlands,United Arab Emirates,MP O'Dowd,BN Cooper,Mohammad Naveed,1,0,,,,,,,,,
1191006,2019,2019-08-05,VRA Ground,1,2.3,Netherlands,United Arab Emirates,BN Cooper,MP O'Dowd,Mohammad Naveed,0,0,,,,,,,,,
1191006,2019,2019-08-05,VRA Ground,1,2.4,Netherlands,United Arab Emirates,BN Cooper,MP O'Dowd,Mohammad Naveed,4,0,,,,,,,,,
1191006,2019,2019-08-05,VRA Ground,1,2.5,Netherlands,United Arab Emirates,BN Cooper,MP O'Dowd,Mohammad Naveed,0,0,,,,,,,,,
1191006,2019,2019-08-05,VRA Ground,1,2.6,Netherlands,United Arab Emirates,BN Cooper,MP O'Dowd,Mohammad Naveed,2,0,,,,,,,,,
1191006,2019,2019-08-05,VRA Ground,1,3.1,Netherlands,United Arab Emirates,MP O'Dowd,BN Cooper,Sultan Ahmed (2),0,0,,,,,,bowled,MP O'Dowd,,
1191006,2019,2019-08-05,VRA Ground,1,3.2,Netherlands,United Arab Emirates,Saqib Zulfiqar,BN Cooper,Sultan Ahmed (2),1,0,,,,,,,,,
1191006,2019,2019-08-05,VRA Ground,1,3.3,Netherlands,United Arab Emirates,BN Cooper,Saqib Zulfiqar,Sultan Ahmed (2),0,0,,,,,,,,,
1191006,2019,2019-08-05,VRA Ground,1,3.4,Netherlands,United Arab Emirates,BN Cooper,Saqib Zulfiqar,Sultan Ahmed (2),0,0,,,,,,,,,
1191006,2019,2019-08-05,VRA Ground,1,3.5,Netherlands,United Arab Emirates,BN Cooper,Saqib Zulfiqar,Sultan Ahmed (2),4,0,,,,,,,,,
1191006,2019,2019-08-05,VRA Ground,1,3.6,Netherlands,United Arab Emirates,BN Cooper,Saqib Zulfiqar,Sultan Ahmed (2),4,0,,,,,,,,,
1191006,2019,2019-08-05,VRA Ground,1,4.1,Netherlands,United Arab Emirates,Saqib Zulfiqar,BN Cooper,Mohammad Naveed,0,0,,,,,,,,,
1191006,2019,2019-08-05,VRA Ground,1,4.2,Netherlands,United Arab Emirates,Saqib Zulfiqar,BN Cooper,Mohammad Naveed,0,0,,,,,,,,,
1191006,2019,2019-08-05,VRA Ground,1,4.3,Netherlands,United Arab Emirates,Saqib Zulfiqar,BN Cooper,Mohammad Naveed,3,0,,,,,,,,,
1191006,2019,2019-08-05,VRA Ground,1,4.4,Netherlands,United Arab Emirates,BN Cooper,Saqib Zulfiqar,Mohammad Naveed,1,0,,,,,,,,,
1191006,2019,2019-08-05,VRA Ground,1,4.5,Netherlands,United Arab Emirates,Saqib Zulfiqar,BN Cooper,Mohammad Naveed,1,0,,,,,,,,,
1191006,2019,2019-08-05,VRA Ground,1,4.6,Netherlands,United Arab Emirates,BN Cooper,Saqib Zulfiqar,Mohammad Naveed,0,0,,,,,,,,,
1191006,2019,2019-08-05,VRA Ground,1,5.1,Netherlands,United Arab Emirates,Saqib Zulfiqar,BN Cooper,Rohan Mustafa,1,0,,,,,,,,,
1191006,2019,2019-08-05,VRA Ground,1,5.2,Netherlands,United Arab Emirates,BN Cooper,Saqib Zulfiqar,Rohan Mustafa,4,0,,,,,,,,,
1191006,2019,2019-08-05,VRA Ground,1,5.3,Netherlands,United Arab Emirates,BN Cooper,Saqib Zulfiqar,Rohan Mustafa,0,0,,,,,,,,,
1191006,2019,2019-08-05,VRA Ground,1,5.4,Netherlands,United Arab Emirates,BN Cooper,Saqib Zulfiqar,Rohan Mustafa,1,0,,,,,,,,,
1191006,2019,2019-08-05,VRA Ground,1,5.5,Netherlands,United Arab Emirates,Saqib Zulfiqar,BN Cooper,Rohan Mustafa,0,0,,,,,,,,,
1191006,2019,2019-08-05,VRA Ground,1,5.6,Netherlands,United Arab Emirates,Saqib Zulfiqar,BN Cooper,Rohan Mustafa,1,0,,,,,,,,,
1191006,2019,2019-08-05,VRA Ground,1,6.1,Netherlands,United Arab Emirates,Saqib Zulfiqar,BN Cooper,Ahmed Raza,1,0,,,,,,,,,
1191006,2019,2019-08-05,VRA Ground,1,6.2,Netherlands,United Arab Emirates,BN Cooper,Saqib Zulfiqar,Ahmed Raza,0,1,,,,1,,,,,
1191006,2019,2019-08-05,VRA Ground,1,6.3,Netherlands,United Arab Emirates,Saqib Zulfiqar,BN Cooper,Ahmed Raza,0,0,,,,,,,,,
1191006,2019,2019-08-05,VRA Ground,1,6.4,Netherlands,United Arab Emirates,Saqib Zulfiqar,BN Cooper,Ahmed Raza,1,0,,,,,,,,,
1191006,2019,2019-08-05,VRA Ground,1,6.5,Netherlands,United Arab Emirates,BN Cooper,Saqib Zulfiqar,Ahmed Raza,1,0,,,,,,,,,
1191006,2019,2019-08-05,VRA Ground,1,6.6,Netherlands,United Arab Emirates,Saqib Zulfiqar,BN Cooper,Ahmed Raza,1,0,,,,,,,,,
1191006,2019,2019-08-05,VRA Ground,1,7.1,Netherlands,United Arab Emirates,Saqib Zulfiqar,BN Cooper,Waheed Ahmed,2,0,,,,,,,,,
1191006,2019,2019-08-05,VRA Ground,1,7.2,Netherlands,United Arab Emirates,Saqib Zulfiqar,BN Cooper,Waheed Ahmed,1,0,,,,,,,,,
1191006,2019,2019-08-05,VRA Ground,1,7.3,Netherlands,United Arab Emirates,BN Cooper,Saqib Zulfiqar,Waheed Ahmed,1,0,,,,,,,,,
1191006,2019,2019-08-05,VRA Ground,1,7.4,Netherlands,United Arab Emirates,Saqib Zulfiqar,BN Cooper,Waheed Ahmed,1,0,,,,,,,,,
1191006,2019,2019-08-05,VRA Ground,1,7.5,Netherlands,United Arab Emirates,BN Cooper,Saqib Zulfiqar,Waheed Ahmed,2,0,,,,,,,,,
1191006,2019,2019-08-05,VRA Ground,1,7.6,Netherlands,United Arab Emirates,BN Cooper,Saqib Zulfiqar,Waheed Ahmed,1,0,,,,,,,,,
1191006,2019,2019-08-05,VRA Ground,1,8.1,Netherlands,United Arab Emirates,BN Cooper,Saqib Zulfiqar,Ahmed Raza,1,0,,,,,,run out,Saqib Zulfiqar,,
1191006,2019,2019-08-05,VRA Ground,1,8.2,Netherlands,United Arab Emirates,PM Seelaar,BN Cooper,Ahmed Raza,0,0,,,,,,,,,
1191006,2019,2019-08-05,VRA Ground,1,8.3,Netherlands,United Arab Emirates,PM Seelaar,BN Cooper,Ahmed Raza,3,0,,,,,,,,,
1191006,2019,2019-08-05,VRA Ground,1,8.4,Netherlands,United Arab Emirates,BN Cooper,PM Seelaar,Ahmed Raza,0,0,,,,,,,,,
1191006,2019,2019-08-05,VRA Ground,1,8.5,Netherlands,United Arab Emirates,BN Cooper,PM Seelaar,Ahmed Raza,4,0,,,,,,,,,
1191006,2019,2019-08-05,VRA Ground,1,8.6,Netherlands,United Arab Emirates,BN Cooper,PM Seelaar,Ahmed Raza,0,0,,,,,,,,,
1191006,2019,2019-08-05,VRA Ground,1,9.1,Netherlands,United Arab Emirates,PM Seelaar,BN Cooper,Waheed Ahmed,0,1,,,,1,,,,,
1191006,2019,2019-08-05,VRA Ground,1,9.2,Netherlands,United Arab Emirates,BN Cooper,PM Seelaar,Waheed Ahmed,1,0,,,,,,,,,
1191006,2019,2019-08-05,VRA Ground,1,9.3,Netherlands,United Arab Emirates,PM Seelaar,BN Cooper,Waheed Ahmed,0,0,,,,,,,,,
1191006,2019,2019-08-05,VRA Ground,1,9.4,Netherlands,United Arab Emirates,PM Seelaar,BN Cooper,Waheed Ahmed,1,0,,,,,,,,,
1191006,2019,2019-08-05,VRA Ground,1,9.5,Netherlands,United Arab Emirates,BN Cooper,PM Seelaar,Waheed Ahmed,6,0,,,,,,,,,
1191006,2019,2019-08-05,VRA Ground,1,9.6,Netherlands,United Arab Emirates,BN Cooper,PM Seelaar,Waheed Ahmed,0,0,,,,,,,,,
1191006,2019,2019-08-05,VRA Ground,1,10.1,Netherlands,United Arab Emirates,PM Seelaar,BN Cooper,Ahmed Raza,1,0,,,,,,,,,
1191006,2019,2019-08-05,VRA Ground,1,10.2,Netherlands,United Arab Emirates,BN Cooper,PM Seelaar,Ahmed Raza,1,0,,,,,,,,,
1191006,2019,2019-08-05,VRA Ground,1,10.3,Netherlands,United Arab Emirates,PM Seelaar,BN Cooper,Ahmed Raza,1,0,,,,,,,,,
1191006,2019,2019-08-05,VRA Ground,1,10.4,Netherlands,United Arab Emirates,BN Cooper,PM Seelaar,Ahmed Raza,1,0,,,,,,,,,
1191006,2019,2019-08-05,VRA Ground,1,10.5,Netherlands,United Arab Emirates,PM Seelaar,BN Cooper,Ahmed Raza,0,0,,,,,,,,,
1191006,2019,2019-08-05,VRA Ground,1,10.6,Netherlands,United Arab Emirates,PM Seelaar,BN Cooper,Ahmed Raza,1,0,,,,,,,,,
1191006,2019,2019-08-05,VRA Ground,1,11.1,Netherlands,United Arab Emirates,PM Seelaar,BN Cooper,Zahoor Khan,1,0,,,,,,,,,
1191006,2019,2019-08-05,VRA Ground,1,11.2,Netherlands,United Arab Emirates,BN Cooper,PM Seelaar,Zahoor Khan,1,0,,,,,,,,,
1191006,2019,2019-08-05,VRA Ground,1,11.3,Netherlands,United Arab Emirates,PM Seelaar,BN Cooper,Zahoor Khan,1,0,,,,,,,,,
1191006,2019,2019-08-05,VRA Ground,1,11.4,Netherlands,United Arab Emirates,BN Cooper,PM Seelaar,Zahoor Khan,0,0,,,,,,,,,
1191006,2019,2019-08-05,VRA Ground,1,11.5,Netherlands,United Arab Emirates,BN Cooper,PM Seelaar,Zahoor Khan,0,0,,,,,,,,,
1191006,2019,2019-08-05,VRA Ground,1,11.6,Netherlands,United Arab Emirates,BN Cooper,PM Seelaar,Zahoor Khan,0,0,,,,,,bowled,BN Cooper,,
1191006,2019,2019-08-05,VRA Ground,1,12.1,Netherlands,United Arab Emirates,PM Seelaar,Sikander Zulfiqar,Ahmed Raza,2,0,,,,,,,,,
1191006,2019,2019-08-05,VRA Ground,1,12.2,Netherlands,United Arab Emirates,PM Seelaar,Sikander Zulfiqar,Ahmed Raza,2,0,,,,,,,,,
1191006,2019,2019-08-05,VRA Ground,1,12.3,Netherlands,United Arab Emirates,PM Seelaar,Sikander Zulfiqar,Ahmed Raza,3,0,,,,,,,,,
1191006,2019,2019-08-05,VRA Ground,1,12.4,Netherlands,United Arab Emirates,Sikander Zulfiqar,PM Seelaar,Ahmed Raza,1,0,,,,,,,,,
1191006,2019,2019-08-05,VRA Ground,1,12.5,Netherlands,United Arab Emirates,PM Seelaar,Sikander Zulfiqar,Ahmed Raza,0,0,,,,,,,,,
1191006,2019,2019-08-05,VRA Ground,1,12.6,Netherlands,United Arab Emirates,PM Seelaar,Sikander Zulfiqar,Ahmed Raza,2,0,,,,,,,,,
1191006,2019,2019-08-05,VRA Ground,1,13.1,Netherlands,United Arab Emirates,Sikander Zulfiqar,PM Seelaar,Zahoor Khan,1,0,,,,,,,,,
1191006,2019,2019-08-05,VRA Ground,1,13.2,Netherlands,United Arab Emirates,PM Seelaar,Sikander Zulfiqar,Zahoor Khan,1,0,,,,,,,,,
1191006,2019,2019-08-05,VRA Ground,1,13.3,Netherlands,United Arab Emirates,Sikander Zulfiqar,PM Seelaar,Zahoor Khan,1,0,,,,,,,,,
1191006,2019,2019-08-05,VRA Ground,1,13.4,Netherlands,United Arab Emirates,PM Seelaar,Sikander Zulfiqar,Zahoor Khan,0,1,1,,,,,,,,
1191006,2019,2019-08-05,VRA Ground,1,13.5,Netherlands,United Arab Emirates,PM Seelaar,Sikander Zulfiqar,Zahoor Khan,1,0,,,,,,,,,
1191006,2019,2019-08-05,VRA Ground,1,13.6,Netherlands,United Arab Emirates,Sikander Zulfiqar,PM Seelaar,Zahoor Khan,1,0,,,,,,,,,
1191006,2019,2019-08-05,VRA Ground,1,13.7,Netherlands,United Arab Emirates,PM Seelaar,Sikander Zulfiqar,Zahoor Khan,1,0,,,,,,,,,
1191006,2019,2019-08-05,VRA Ground,1,14.1,Netherlands,United Arab Emirates,PM Seelaar,Sikander Zulfiqar,Rohan Mustafa,1,0,,,,,,,,,
1191006,2019,2019-08-05,VRA Ground,1,14.2,Netherlands,United Arab Emirates,Sikander Zulfiqar,PM Seelaar,Rohan Mustafa,1,0,,,,,,,,,
1191006,2019,2019-08-05,VRA Ground,1,14.3,Netherlands,United Arab Emirates,PM Seelaar,Sikander Zulfiqar,Rohan Mustafa,2,0,,,,,,,,,
1191006,2019,2019-08-05,VRA Ground,1,14.4,Netherlands,United Arab Emirates,PM Seelaar,Sikander Zulfiqar,Rohan Mustafa,1,0,,,,,,,,,
1191006,2019,2019-08-05,VRA Ground,1,14.5,Netherlands,United Arab Emirates,Sikander Zulfiqar,PM Seelaar,Rohan Mustafa,0,0,,,,,,,,,
1191006,2019,2019-08-05,VRA Ground,1,14.6,Netherlands,United Arab Emirates,Sikander Zulfiqar,PM Seelaar,Rohan Mustafa,0,0,,,,,,,,,
1191006,2019,2019-08-05,VRA Ground,1,15.1,Netherlands,United Arab Emirates,PM Seelaar,Sikander Zulfiqar,Mohammad Naveed,1,0,,,,,,,,,
1191006,2019,2019-08-05,VRA Ground,1,15.2,Netherlands,United Arab Emirates,Sikander Zulfiqar,PM Seelaar,Mohammad Naveed,1,0,,,,,,,,,
1191006,2019,2019-08-05,VRA Ground,1,15.3,Netherlands,United Arab Emirates,PM Seelaar,Sikander Zulfiqar,Mohammad Naveed,0,0,,,,,,,,,
1191006,2019,2019-08-05,VRA Ground,1,15.4,Netherlands,United Arab Emirates,PM Seelaar,Sikander Zulfiqar,Mohammad Naveed,4,0,,,,,,,,,
1191006,2019,2019-08-05,VRA Ground,1,15.5,Netherlands,United Arab Emirates,PM Seelaar,Sikander Zulfiqar,Mohammad Naveed,0,0,,,,,,,,,
1191006,2019,2019-08-05,VRA Ground,1,15.6,Netherlands,United Arab Emirates,PM Seelaar,Sikander Zulfiqar,Mohammad Naveed,2,0,,,,,,,,,
1191006,2019,2019-08-05,VRA Ground,1,16.1,Netherlands,United Arab Emirates,Sikander Zulfiqar,PM Seelaar,Rohan Mustafa,2,0,,,,,,,,,
1191006,2019,2019-08-05,VRA Ground,1,16.2,Netherlands,United Arab Emirates,Sikander Zulfiqar,PM Seelaar,Rohan Mustafa,1,0,,,,,,,,,
1191006,2019,2019-08-05,VRA Ground,1,16.3,Netherlands,United Arab Emirates,PM Seelaar,Sikander Zulfiqar,Rohan Mustafa,2,0,,,,,,,,,
1191006,2019,2019-08-05,VRA Ground,1,16.4,Netherlands,United Arab Emirates,PM Seelaar,Sikander Zulfiqar,Rohan Mustafa,0,0,,,,,,caught,PM Seelaar,,
1191006,2019,2019-08-05,VRA Ground,1,16.5,Netherlands,United Arab Emirates,Sikander Zulfiqar,SA Edwards,Rohan Mustafa,1,0,,,,,,,,,
1191006,2019,2019-08-05,VRA Ground,1,16.6,Netherlands,United Arab Emirates,SA Edwards,Sikander Zulfiqar,Rohan Mustafa,1,0,,,,,,,,,
1191006,2019,2019-08-05,VRA Ground,1,17.1,Netherlands,United Arab Emirates,SA Edwards,Sikander Zulfiqar,Zahoor Khan,2,0,,,,,,,,,
1191006,2019,2019-08-05,VRA Ground,1,17.2,Netherlands,United Arab Emirates,SA Edwards,Sikander Zulfiqar,Zahoor Khan,1,0,,,,,,,,,
1191006,2019,2019-08-05,VRA Ground,1,17.3,Netherlands,United Arab Emirates,Sikander Zulfiqar,SA Edwards,Zahoor Khan,1,0,,,,,,,,,
1191006,2019,2019-08-05,VRA Ground,1,17.4,Netherlands,United Arab Emirates,SA Edwards,Sikander Zulfiqar,Zahoor Khan,1,0,,,,,,,,,
1191006,2019,2019-08-05,VRA Ground,1,17.5,Netherlands,United Arab Emirates,Sikander Zulfiqar,SA Edwards,Zahoor Khan,0,0,,,,,,,,,
1191006,2019,2019-08-05,VRA Ground,1,17.6,Netherlands,United Arab Emirates,Sikander Zulfiqar,SA Edwards,Zahoor Khan,1,0,,,,,,,,,
1191006,2019,2019-08-05,VRA Ground,1,18.1,Netherlands,United Arab Emirates,Sikander Zulfiqar,SA Edwards,Rohan Mustafa,1,0,,,,,,,,,
1191006,2019,2019-08-05,VRA Ground,1,18.2,Netherlands,United Arab Emirates,SA Edwards,Sikander Zulfiqar,Rohan Mustafa,0,0,,,,,,lbw,SA Edwards,,
1191006,2019,2019-08-05,VRA Ground,1,18.3,Netherlands,United Arab Emirates,TS Braat,Sikander Zulfiqar,Rohan Mustafa,1,0,,,,,,,,,
1191006,2019,2019-08-05,VRA Ground,1,18.4,Netherlands,United Arab Emirates,Sikander Zulfiqar,TS Braat,Rohan Mustafa,1,0,,,,,,,,,
1191006,2019,2019-08-05,VRA Ground,1,18.5,Netherlands,United Arab Emirates,TS Braat,Sikander Zulfiqar,Rohan Mustafa,0,1,1,,,,,,,,
1191006,2019,2019-08-05,VRA Ground,1,18.6,Netherlands,United Arab Emirates,TS Braat,Sikander Zulfiqar,Rohan Mustafa,4,0,,,,,,,,,
1191006,2019,2019-08-05,VRA Ground,1,18.7,Netherlands,United Arab Emirates,TS Braat,Sikander Zulfiqar,Rohan Mustafa,0,0,,,,,,bowled,TS Braat,,
1191006,2019,2019-08-05,VRA Ground,1,19.1,Netherlands,United Arab Emirates,Sikander Zulfiqar,PRP Boissevain,Zahoor Khan,2,0,,,,,,,,,
1191006,2019,2019-08-05,VRA Ground,1,19.2,Netherlands,United Arab Emirates,Sikander Zulfiqar,PRP Boissevain,Zahoor Khan,1,0,,,,,,run out,Sikander Zulfiqar,,
1191006,2019,2019-08-05,VRA Ground,1,19.3,Netherlands,United Arab Emirates,BD Glover,PRP Boissevain,Zahoor Khan,1,0,,,,,,,,,
1191006,2019,2019-08-05,VRA Ground,1,19.4,Netherlands,United Arab Emirates,PRP Boissevain,BD Glover,Zahoor Khan,0,0,,,,,,,,,
1191006,2019,2019-08-05,VRA Ground,1,19.5,Netherlands,United Arab Emirates,PRP Boissevain,BD Glover,Zahoor Khan,0,0,,,,,,bowled,PRP Boissevain,,
1191006,2019,2019-08-05,VRA Ground,1,19.6,Netherlands,United Arab Emirates,VJ Kingma,BD Glover,Zahoor Khan,0,1,,,1,,,,,,
1191006,2019,2019-08-05,VRA Ground,2,0.1,United Arab Emirates,Netherlands,Ashfaq Ahmed,Rohan Mustafa,BD Glover,1,0,,,,,,,,,
1191006,2019,2019-08-05,VRA Ground,2,0.2,United Arab Emirates,Netherlands,Rohan Mustafa,Ashfaq Ahmed,BD Glover,0,0,,,,,,,,,
1191006,2019,2019-08-05,VRA Ground,2,0.3,United Arab Emirates,Netherlands,Rohan Mustafa,Ashfaq Ahmed,BD Glover,0,0,,,,,,,,,
1191006,2019,2019-08-05,VRA Ground,2,0.4,United Arab Emirates,Netherlands,Rohan Mustafa,Ashfaq Ahmed,BD Glover,0,0,,,,,,,,,
1191006,2019,2019-08-05,VRA Ground,2,0.5,United Arab Emirates,Netherlands,Rohan Mustafa,Ashfaq Ahmed,BD Glover,0,0,,,,,,,,,
1191006,2019,2019-08-05,VRA Ground,2,0.6,United Arab Emirates,Netherlands,Rohan Mustafa,Ashfaq Ahmed,BD Glover,0,0,,,,,,,,,
1191006,2019,2019-08-05,VRA Ground,2,1.1,United Arab Emirates,Netherlands,Ashfaq Ahmed,Rohan Mustafa,VJ Kingma,0,0,,,,,,,,,
1191006,2019,2019-08-05,VRA Ground,2,1.2,United Arab Emirates,Netherlands,Ashfaq Ahmed,Rohan Mustafa,VJ Kingma,1,0,,,,,,,,,
1191006,2019,2019-08-05,VRA Ground,2,1.3,United Arab Emirates,Netherlands,Rohan Mustafa,Ashfaq Ahmed,VJ Kingma,4,0,,,,,,,,,
1191006,2019,2019-08-05,VRA Ground,2,1.4,United Arab Emirates,Netherlands,Rohan Mustafa,Ashfaq Ahmed,VJ Kingma,0,0,,,,,,,,,
1191006,2019,2019-08-05,VRA Ground,2,1.5,United Arab Emirates,Netherlands,Rohan Mustafa,Ashfaq Ahmed,VJ Kingma,0,0,,,,,,caught,Rohan Mustafa,,
1191006,2019,2019-08-05,VRA Ground,2,1.6,United Arab Emirates,Netherlands,Ghulam Shabber,Ashfaq Ahmed,VJ Kingma,0,1,1,,,,,,,,
1191006,2019,2019-08-05,VRA Ground,2,1.7,United Arab Emirates,Netherlands,Ghulam Shabber,Ashfaq Ahmed,VJ Kingma,4,0,,,,,,,,,
1191006,2019,2019-08-05,VRA Ground,2,2.1,United Arab Emirates,Netherlands,Ashfaq Ahmed,Ghulam Shabber,BD Glover,0,1,1,,,,,,,,
1191006,2019,2019-08-05,VRA Ground,2,2.2,United Arab Emirates,Netherlands,Ashfaq Ahmed,Ghulam Shabber,BD Glover,1,0,,,,,,,,,
1191006,2019,2019-08-05,VRA Ground,2,2.3,United Arab Emirates,Netherlands,Ghulam Shabber,Ashfaq Ahmed,BD Glover,1,0,,,,,,,,,
1191006,2019,2019-08-05,VRA Ground,2,2.4,United Arab Emirates,Netherlands,Ashfaq Ahmed,Ghulam Shabber,BD Glover,1,0,,,,,,,,,
1191006,2019,2019-08-05,VRA Ground,2,2.5,United Arab Emirates,Netherlands,Ghulam Shabber,Ashfaq Ahmed,BD Glover,1,0,,,,,,,,,
1191006,2019,2019-08-05,VRA Ground,2,2.6,United Arab Emirates,Netherlands,Ashfaq Ahmed,Ghulam Shabber,BD Glover,1,0,,,,,,,,,
1191006,2019,2019-08-05,VRA Ground,2,2.7,United Arab Emirates,Netherlands,Ghulam Shabber,Ashfaq Ahmed,BD Glover,4,0,,,,,,,,,
1191006,2019,2019-08-05,VRA Ground,2,3.1,United Arab Emirates,Netherlands,Ashfaq Ahmed,Ghulam Shabber,VJ Kingma,0,0,,,,,,,,,
1191006,2019,2019-08-05,VRA Ground,2,3.2,United Arab Emirates,Netherlands,Ashfaq Ahmed,Ghulam Shabber,VJ Kingma,2,0,,,,,,,,,
1191006,2019,2019-08-05,VRA Ground,2,3.3,United Arab Emirates,Netherlands,Ashfaq Ahmed,Ghulam Shabber,VJ Kingma,6,0,,,,,,,,,
1191006,2019,2019-08-05,VRA Ground,2,3.4,United Arab Emirates,Netherlands,Ashfaq Ahmed,Ghulam Shabber,VJ Kingma,4,0,,,,,,,,,
1191006,2019,2019-08-05,VRA Ground,2,3.5,United Arab Emirates,Netherlands,Ashfaq Ahmed,Ghulam Shabber,VJ Kingma,0,0,,,,,,,,,
1191006,2019,2019-08-05,VRA Ground,2,3.6,United Arab Emirates,Netherlands,Ashfaq Ahmed,Ghulam Shabber,VJ Kingma,0,0,,,,,,,,,
1191006,2019,2019-08-05,VRA Ground,2,4.1,United Arab Emirates,Netherlands,Ghulam Shabber,Ashfaq Ahmed,TS Braat,0,0,,,,,,,,,
1191006,2019,2019-08-05,VRA Ground,2,4.2,United Arab Emirates,Netherlands,Ghulam Shabber,Ashfaq Ahmed,TS Braat,0,0,,,,,,caught,Ghulam Shabber,,
1191006,2019,2019-08-05,VRA Ground,2,4.3,United Arab Emirates,Netherlands,Rameez Shahzad,Ashfaq Ahmed,TS Braat,1,0,,,,,,,,,
1191006,2019,2019-08-05,VRA Ground,2,4.4,United Arab Emirates,Netherlands,Ashfaq Ahmed,Rameez Shahzad,TS Braat,1,0,,,,,,,,,
1191006,2019,2019-08-05,VRA Ground,2,4.5,United Arab Emirates,Netherlands,Rameez Shahzad,Ashfaq Ahmed,TS Braat,0,1,1,,,,,,,,
1191006,2019,2019-08-05,VRA Ground,2,4.6,United Arab Emirates,Netherlands,Rameez Shahzad,Ashfaq Ahmed,TS Braat,1,0,,,,,,,,,
1191006,2019,2019-08-05,VRA Ground,2,4.7,United Arab Emirates,Netherlands,Ashfaq Ahmed,Rameez Shahzad,TS Braat,4,0,,,,,,,,,
1191006,2019,2019-08-05,VRA Ground,2,5.1,United Arab Emirates,Netherlands,Rameez Shahzad,Ashfaq Ahmed,PM Seelaar,4,0,,,,,,,,,
1191006,2019,2019-08-05,VRA Ground,2,5.2,United Arab Emirates,Netherlands,Rameez Shahzad,Ashfaq Ahmed,PM Seelaar,4,0,,,,,,,,,
1191006,2019,2019-08-05,VRA Ground,2,5.3,United Arab Emirates,Netherlands,Rameez Shahzad,Ashfaq Ahmed,PM Seelaar,4,0,,,,,,,,,
1191006,2019,2019-08-05,VRA Ground,2,5.4,United Arab Emirates,Netherlands,Rameez Shahzad,Ashfaq Ahmed,PM Seelaar,0,0,,,,,,,,,
1191006,2019,2019-08-05,VRA Ground,2,5.5,United Arab Emirates,Netherlands,Rameez Shahzad,Ashfaq Ahmed,PM Seelaar,1,0,,,,,,,,,
1191006,2019,2019-08-05,VRA Ground,2,5.6,United Arab Emirates,Netherlands,Ashfaq Ahmed,Rameez Shahzad,PM Seelaar,1,0,,,,,,,,,
1191006,2019,2019-08-05,VRA Ground,2,6.1,United Arab Emirates,Netherlands,Ashfaq Ahmed,Rameez Shahzad,TS Braat,1,0,,,,,,,,,
1191006,2019,2019-08-05,VRA Ground,2,6.2,United Arab Emirates,Netherlands,Rameez Shahzad,Ashfaq Ahmed,TS Braat,0,0,,,,,,,,,
1191006,2019,2019-08-05,VRA Ground,2,6.3,United Arab Emirates,Netherlands,Rameez Shahzad,Ashfaq Ahmed,TS Braat,0,0,,,,,,,,,
1191006,2019,2019-08-05,VRA Ground,2,6.4,United Arab Emirates,Netherlands,Rameez Shahzad,Ashfaq Ahmed,TS Braat,1,0,,,,,,,,,
1191006,2019,2019-08-05,VRA Ground,2,6.5,United Arab Emirates,Netherlands,Ashfaq Ahmed,Rameez Shahzad,TS Braat,0,0,,,,,,,,,
1191006,2019,2019-08-05,VRA Ground,2,6.6,United Arab Emirates,Netherlands,Ashfaq Ahmed,Rameez Shahzad,TS Braat,1,0,,,,,,,,,
1191006,2019,2019-08-05,VRA Ground,2,7.1,United Arab Emirates,Netherlands,Ashfaq Ahmed,Rameez Shahzad,PRP Boissevain,0,0,,,,,,,,,
1191006,2019,2019-08-05,VRA Ground,2,7.2,United Arab Emirates,Netherlands,Ashfaq Ahmed,Rameez Shahzad,PRP Boissevain,0,0,,,,,,,,,
1191006,2019,2019-08-05,VRA Ground,2,7.3,United Arab Emirates,Netherlands,Ashfaq Ahmed,Rameez Shahzad,PRP Boissevain,0,0,,,,,,bowled,Ashfaq Ahmed,,
1191006,2019,2019-08-05,VRA Ground,2,7.4,United Arab Emirates,Netherlands,Muhammad Usman,Rameez Shahzad,PRP Boissevain,1,0,,,,,,,,,
1191006,2019,2019-08-05,VRA Ground,2,7.5,United Arab Emirates,Netherlands,Rameez Shahzad,Muhammad Usman,PRP Boissevain,0,0,,,,,,,,,
1191006,2019,2019-08-05,VRA Ground,2,7.6,United Arab Emirates,Netherlands,Rameez Shahzad,Muhammad Usman,PRP Boissevain,1,0,,,,,,,,,
1191006,2019,2019-08-05,VRA Ground,2,8.1,United Arab Emirates,Netherlands,Rameez Shahzad,Muhammad Usman,Sikander Zulfiqar,1,0,,,,,,,,,
1191006,2019,2019-08-05,VRA Ground,2,8.2,United Arab Emirates,Netherlands,Muhammad Usman,Rameez Shahzad,Sikander Zulfiqar,1,0,,,,,,,,,
1191006,2019,2019-08-05,VRA Ground,2,8.3,United Arab Emirates,Netherlands,Rameez Shahzad,Muhammad Usman,Sikander Zulfiqar,0,0,,,,,,,,,
1191006,2019,2019-08-05,VRA Ground,2,8.4,United Arab Emirates,Netherlands,Rameez Shahzad,Muhammad Usman,Sikander Zulfiqar,1,0,,,,,,,,,
1191006,2019,2019-08-05,VRA Ground,2,8.5,United Arab Emirates,Netherlands,Muhammad Usman,Rameez Shahzad,Sikander Zulfiqar,1,0,,,,,,,,,
1191006,2019,2019-08-05,VRA Ground,2,8.6,United Arab Emirates,Netherlands,Rameez Shahzad,Muhammad Usman,Sikander Zulfiqar,0,0,,,,,,,,,
1191006,2019,2019-08-05,VRA Ground,2,9.1,United Arab Emirates,Netherlands,Muhammad Usman,Rameez Shahzad,PRP Boissevain,0,0,,,,,,,,,
1191006,2019,2019-08-05,VRA Ground,2,9.2,United Arab Emirates,Netherlands,Muhammad Usman,Rameez Shahzad,PRP Boissevain,0,0,,,,,,,,,
1191006,2019,2019-08-05,VRA Ground,2,9.3,United Arab Emirates,Netherlands,Muhammad Usman,Rameez Shahzad,PRP Boissevain,0,0,,,,,,,,,
1191006,2019,2019-08-05,VRA Ground,2,9.4,United Arab Emirates,Netherlands,Muhammad Usman,Rameez Shahzad,PRP Boissevain,1,0,,,,,,,,,
1191006,2019,2019-08-05,VRA Ground,2,9.5,United Arab Emirates,Netherlands,Rameez Shahzad,Muhammad Usman,PRP Boissevain,0,0,,,,,,,,,
1191006,2019,2019-08-05,VRA Ground,2,9.6,United Arab Emirates,Netherlands,Rameez Shahzad,Muhammad Usman,PRP Boissevain,1,0,,,,,,,,,
1191006,2019,2019-08-05,VRA Ground,2,10.1,United Arab Emirates,Netherlands,Rameez Shahzad,Muhammad Usman,VJ Kingma,4,0,,,,,,,,,
1191006,2019,2019-08-05,VRA Ground,2,10.2,United Arab Emirates,Netherlands,Rameez Shahzad,Muhammad Usman,VJ Kingma,0,1,,,,1,,,,,
1191006,2019,2019-08-05,VRA Ground,2,10.3,United Arab Emirates,Netherlands,Muhammad Usman,Rameez Shahzad,VJ Kingma,1,0,,,,,,,,,
1191006,2019,2019-08-05,VRA Ground,2,10.4,United Arab Emirates,Netherlands,Rameez Shahzad,Muhammad Usman,VJ Kingma,2,0,,,,,,,,,
1191006,2019,2019-08-05,VRA Ground,2,10.5,United Arab Emirates,Netherlands,Rameez Shahzad,Muhammad Usman,VJ Kingma,0,0,,,,,,,,,
1191006,2019,2019-08-05,VRA Ground,2,10.6,United Arab Emirates,Netherlands,Rameez Shahzad,Muhammad Usman,VJ Kingma,1,0,,,,,,,,,
1191006,2019,2019-08-05,VRA Ground,2,11.1,United Arab Emirates,Netherlands,Rameez Shahzad,Muhammad Usman,PRP Boissevain,2,0,,,,,,,,,
1191006,2019,2019-08-05,VRA Ground,2,11.2,United Arab Emirates,Netherlands,Rameez Shahzad,Muhammad Usman,PRP Boissevain,0,0,,,,,,,,,
1191006,2019,2019-08-05,VRA Ground,2,11.3,United Arab Emirates,Netherlands,Rameez Shahzad,Muhammad Usman,PRP Boissevain,1,0,,,,,,,,,
1191006,2019,2019-08-05,VRA Ground,2,11.4,United Arab Emirates,Netherlands,Muhammad Usman,Rameez Shahzad,PRP Boissevain,0,0,,,,,,,,,
1191006,2019,2019-08-05,VRA Ground,2,11.5,United Arab Emirates,Netherlands,Muhammad Usman,Rameez Shahzad,PRP Boissevain,0,0,,,,,,,,,
1191006,2019,2019-08-05,VRA Ground,2,11.6,United Arab Emirates,Netherlands,Muhammad Usman,Rameez Shahzad,PRP Boissevain,2,0,,,,,,,,,
1191006,2019,2019-08-05,VRA Ground,2,12.1,United Arab Emirates,Netherlands,Rameez Shahzad,Muhammad Usman,PM Seelaar,1,0,,,,,,,,,
1191006,2019,2019-08-05,VRA Ground,2,12.2,United Arab Emirates,Netherlands,Muhammad Usman,Rameez Shahzad,PM Seelaar,0,0,,,,,,,,,
1191006,2019,2019-08-05,VRA Ground,2,12.3,United Arab Emirates,Netherlands,Muhammad Usman,Rameez Shahzad,PM Seelaar,1,0,,,,,,,,,
1191006,2019,2019-08-05,VRA Ground,2,12.4,United Arab Emirates,Netherlands,Rameez Shahzad,Muhammad Usman,PM Seelaar,1,0,,,,,,,,,
1191006,2019,2019-08-05,VRA Ground,2,12.5,United Arab Emirates,Netherlands,Muhammad Usman,Rameez Shahzad,PM Seelaar,0,0,,,,,,,,,
1191006,2019,2019-08-05,VRA Ground,2,12.6,United Arab Emirates,Netherlands,Muhammad Usman,Rameez Shahzad,PM Seelaar,1,0,,,,,,,,,
1191006,2019,2019-08-05,VRA Ground,2,13.1,United Arab Emirates,Netherlands,Muhammad Usman,Rameez Shahzad,BD Glover,1,0,,,,,,,,,
1191006,2019,2019-08-05,VRA Ground,2,13.2,United Arab Emirates,Netherlands,Rameez Shahzad,Muhammad Usman,BD Glover,1,0,,,,,,,,,
1191006,2019,2019-08-05,VRA Ground,2,13.3,United Arab Emirates,Netherlands,Muhammad Usman,Rameez Shahzad,BD Glover,0,1,1,,,,,,,,
1191006,2019,2019-08-05,VRA Ground,2,13.4,United Arab Emirates,Netherlands,Muhammad Usman,Rameez Shahzad,BD Glover,1,0,,,,,,,,,
1191006,2019,2019-08-05,VRA Ground,2,13.5,United Arab Emirates,Netherlands,Rameez Shahzad,Muhammad Usman,BD Glover,4,0,,,,,,,,,
1191006,2019,2019-08-05,VRA Ground,2,13.6,United Arab Emirates,Netherlands,Rameez Shahzad,Muhammad Usman,BD Glover,1,0,,,,,,,,,
1191006,2019,2019-08-05,VRA Ground,2,13.7,United Arab Emirates,Netherlands,Muhammad Usman,Rameez Shahzad,BD Glover,1,0,,,,,,,,,
1191006,2019,2019-08-05,VRA Ground,2,14.1,United Arab Emirates,Netherlands,Muhammad Usman,Rameez Shahzad,Sikander Zulfiqar,1,0,,,,,,,,,
1191006,2019,2019-08-05,VRA Ground,2,14.2,United Arab Emirates,Netherlands,Rameez Shahzad,Muhammad Usman,Sikander Zulfiqar,1,0,,,,,,,,,
1191006,2019,2019-08-05,VRA Ground,2,14.3,United Arab Emirates,Netherlands,Muhammad Usman,Rameez Shahzad,Sikander Zulfiqar,4,0,,,,,,,,,
1191006,2019,2019-08-05,VRA Ground,2,14.4,United Arab Emirates,Netherlands,Muhammad Usman,Rameez Shahzad,Sikander Zulfiqar,0,0,,,,,,,,,
1191006,2019,2019-08-05,VRA Ground,2,14.5,United Arab Emirates,Netherlands,Muhammad Usman,Rameez Shahzad,Sikander Zulfiqar,1,0,,,,,,,,,
1191006,2019,2019-08-05,VRA Ground,2,14.6,United Arab Emirates,Netherlands,Rameez Shahzad,Muhammad Usman,Sikander Zulfiqar,2,0,,,,,,,,,
1191006,2019,2019-08-05,VRA Ground,2,15.1,United Arab Emirates,Netherlands,Muhammad Usman,Rameez Shahzad,PRP Boissevain,4,0,,,,,,,,,
1191006,2019,2019-08-05,VRA Ground,2,15.2,United Arab Emirates,Netherlands,Muhammad Usman,Rameez Shahzad,PRP Boissevain,1,0,,,,,,,,,
1191006,2019,2019-08-05,VRA Ground,2,15.3,United Arab Emirates,Netherlands,Rameez Shahzad,Muhammad Usman,PRP Boissevain,1,0,,,,,,,,,
1191006,2019,2019-08-05,VRA Ground,2,15.4,United Arab Emirates,Netherlands,Muhammad Usman,Rameez Shahzad,PRP Boissevain,1,0,,,,,,,,,
1191006,2019,2019-08-05,VRA Ground,2,15.5,United Arab Emirates,Netherlands,Rameez Shahzad,Muhammad Usman,PRP Boissevain,2,0,,,,,,,,,
1191006,2019,2019-08-05,VRA Ground,2,15.6,United Arab Emirates,Netherlands,Rameez Shahzad,Muhammad Usman,PRP Boissevain,1,0,,,,,,,,,
1191006,2019,2019-08-05,VRA Ground,2,16.1,United Arab Emirates,Netherlands,Rameez Shahzad,Muhammad Usman,Saqib Zulfiqar,0,0,,,,,,,,,
1191006,2019,2019-08-05,VRA Ground,2,16.2,United Arab Emirates,Netherlands,Rameez Shahzad,Muhammad Usman,Saqib Zulfiqar,0,0,,,,,,,,,
1191006,2019,2019-08-05,VRA Ground,2,16.3,United Arab Emirates,Netherlands,Rameez Shahzad,Muhammad Usman,Saqib Zulfiqar,0,0,,,,,,,,,
1191006,2019,2019-08-05,VRA Ground,2,16.4,United Arab Emirates,Netherlands,Rameez Shahzad,Muhammad Usman,Saqib Zulfiqar,4,0,,,,,,,,,
1191006,2019,2019-08-05,VRA Ground,2,16.5,United Arab Emirates,Netherlands,Rameez Shahzad,Muhammad Usman,Saqib Zulfiqar,0,0,,,,,,caught,Rameez Shahzad,,
1191006,2019,2019-08-05,VRA Ground,2,16.6,United Arab Emirates,Netherlands,Mohammad Boota,Muhammad Usman,Saqib Zulfiqar,0,0,,,,,,,,,
1191006,2019,2019-08-05,VRA Ground,2,17.1,United Arab Emirates,Netherlands,Muhammad Usman,Mohammad Boota,PM Seelaar,1,0,,,,,,,,,
1191006,2019,2019-08-05,VRA Ground,2,17.2,United Arab Emirates,Netherlands,Mohammad Boota,Muhammad Usman,PM Seelaar,1,0,,,,,,,,,
1191006,2019,2019-08-05,VRA Ground,2,17.3,United Arab Emirates,Netherlands,Muhammad Usman,Mohammad Boota,PM Seelaar,0,0,,,,,,,,,
1191006,2019,2019-08-05,VRA Ground,2,17.4,United Arab Emirates,Netherlands,Muhammad Usman,Mohammad Boota,PM Seelaar,2,0,,,,,,,,,
1191006,2019,2019-08-05,VRA Ground,2,17.5,United Arab Emirates,Netherlands,Muhammad Usman,Mohammad Boota,PM Seelaar,1,0,,,,,,,,,
1191006,2019,2019-08-05,VRA Ground,2,17.6,United Arab Emirates,Netherlands,Mohammad Boota,Muhammad Usman,PM Seelaar,1,0,,,,,,,,,
1191006,2019,2019-08-05,VRA Ground,2,18.1,United Arab Emirates,Netherlands,Mohammad Boota,Muhammad Usman,Sikander Zulfiqar,0,0,,,,,,,,,
1191006,2019,2019-08-05,VRA Ground,2,18.2,United Arab Emirates,Netherlands,Mohammad Boota,Muhammad Usman,Sikander Zulfiqar,1,0,,,,,,,,,
1191006,2019,2019-08-05,VRA Ground,2,18.3,United Arab Emirates,Netherlands,Muhammad Usman,Mohammad Boota,Sikander Zulfiqar,6,0,,,,,,,,,
1191006,2019,2019-08-05,VRA Ground,2,18.4,United Arab Emirates,Netherlands,Muhammad Usman,Mohammad Boota,Sikander Zulfiqar,0,0,,,,,,stumped,Muhammad Usman,,
1191006,2019,2019-08-05,VRA Ground,2,18.5,United Arab Emirates,Netherlands,Waheed Ahmed,Mohammad Boota,Sikander Zulfiqar,1,0,,,,,,,,,
1191006,2019,2019-08-05,VRA Ground,2,18.6,United Arab Emirates,Netherlands,Mohammad Boota,Waheed Ahmed,Sikander Zulfiqar,2,0,,,,,,,,,
1191006,2019,2019-08-05,VRA Ground,2,19.1,United Arab Emirates,Netherlands,Waheed Ahmed,Mohammad Boota,PM Seelaar,1,0,,,,,,,,,
1191006,2019,2019-08-05,VRA Ground,2,19.2,United Arab Emirates,Netherlands,Mohammad Boota,Waheed Ahmed,PM Seelaar,2,0,,,,,,,,,
1191006,2019,2019-08-05,VRA Ground,2,19.3,United Arab Emirates,Netherlands,Mohammad Boota,Waheed Ahmed,PM Seelaar,4,0,,,,,,,,,
